GAME001,System,Start Game,2025-11-27T00:51:07,N/A,N/A,N/A,N/A,N/A
GAME001,System,Load File,2025-11-27T00:51:18,N/A,N/A,N/A,N/A,N/A
GAME001,System,Select Player Count,2025-11-27T00:51:43,null,0,2,N/A,0,
GAME001,john,Enter Player Name,2025-11-27T00:51:43,null,0,john,N/A,0,
GAME001,fred,Enter Player Name,2025-11-27T00:51:43,null,0,fred,N/A,0,
GAME001,john,Select Category,2025-11-27T00:51:45,Control Structures,300,if,N/A,0,
GAME001,john,Select Question,2025-11-27T00:51:46,Control Structures,300,if,N/A,0,
GAME001,john,Answer Question,2025-11-27T00:51:48,Control Structures,300,if,N/A,0,
GAME001,System,Generate Report,2025-11-27T00:51:56,N/A,N/A,N/A,N/A,N/A
GAME001,System,Generate Event Log,2025-11-27T00:51:56,N/A,N/A,N/A,N/A,N/A
GAME001,System,Exit Game,2025-11-27T00:51:56,N/A,N/A,N/A,N/A,N/A
